answer	answer_sentenceid	questionid	storyid
39	8bbe6d11-1e2e-413c-bf81-eaea05f4f1bd_0	8bbe6d11-1e2e-413c-bf81-eaea05f4f1bd_Q0	8bbe6d11-1e2e-413c-bf81-eaea05f4f1bd
11	8bbe6d11-1e2e-413c-bf81-eaea05f4f1bd_3	8bbe6d11-1e2e-413c-bf81-eaea05f4f1bd_Q1	8bbe6d11-1e2e-413c-bf81-eaea05f4f1bd
12	8bbe6d11-1e2e-413c-bf81-eaea05f4f1bd_4	8bbe6d11-1e2e-413c-bf81-eaea05f4f1bd_Q2	8bbe6d11-1e2e-413c-bf81-eaea05f4f1bd
0	8bbe6d11-1e2e-413c-bf81-eaea05f4f1bd_0	8bbe6d11-1e2e-413c-bf81-eaea05f4f1bd_Q3	8bbe6d11-1e2e-413c-bf81-eaea05f4f1bd
4	0beabab2-fb49-460e-a6e6-f35a202e3348_0	0beabab2-fb49-460e-a6e6-f35a202e3348_Q0	0beabab2-fb49-460e-a6e6-f35a202e3348
3	0beabab2-fb49-460e-a6e6-f35a202e3348_1	0beabab2-fb49-460e-a6e6-f35a202e3348_Q1	0beabab2-fb49-460e-a6e6-f35a202e3348
1	0beabab2-fb49-460e-a6e6-f35a202e3348_1	0beabab2-fb49-460e-a6e6-f35a202e3348_Q2	0beabab2-fb49-460e-a6e6-f35a202e3348
2	0beabab2-fb49-460e-a6e6-f35a202e3348_1	0beabab2-fb49-460e-a6e6-f35a202e3348_Q3	0beabab2-fb49-460e-a6e6-f35a202e3348
24	87da1a22-df0b-410c-b186-439700b70ba6_0	87da1a22-df0b-410c-b186-439700b70ba6_Q0	87da1a22-df0b-410c-b186-439700b70ba6
1	87da1a22-df0b-410c-b186-439700b70ba6_2	87da1a22-df0b-410c-b186-439700b70ba6_Q1	87da1a22-df0b-410c-b186-439700b70ba6
5	87da1a22-df0b-410c-b186-439700b70ba6_2	87da1a22-df0b-410c-b186-439700b70ba6_Q2	87da1a22-df0b-410c-b186-439700b70ba6
7	87da1a22-df0b-410c-b186-439700b70ba6_3	87da1a22-df0b-410c-b186-439700b70ba6_Q3	87da1a22-df0b-410c-b186-439700b70ba6
8	2d16bcd6-692a-4fc0-8e7c-4a6f81d9efa9_1	2d16bcd6-692a-4fc0-8e7c-4a6f81d9efa9_Q0	2d16bcd6-692a-4fc0-8e7c-4a6f81d9efa9
3	2d16bcd6-692a-4fc0-8e7c-4a6f81d9efa9_4	2d16bcd6-692a-4fc0-8e7c-4a6f81d9efa9_Q1	2d16bcd6-692a-4fc0-8e7c-4a6f81d9efa9
8	2d16bcd6-692a-4fc0-8e7c-4a6f81d9efa9_0	2d16bcd6-692a-4fc0-8e7c-4a6f81d9efa9_Q2	2d16bcd6-692a-4fc0-8e7c-4a6f81d9efa9
2	2d16bcd6-692a-4fc0-8e7c-4a6f81d9efa9_1	2d16bcd6-692a-4fc0-8e7c-4a6f81d9efa9_Q3	2d16bcd6-692a-4fc0-8e7c-4a6f81d9efa9
0	c71bb23b-7731-4233-8298-76ba6886cee1_0	c71bb23b-7731-4233-8298-76ba6886cee1_Q0	c71bb23b-7731-4233-8298-76ba6886cee1
4	c71bb23b-7731-4233-8298-76ba6886cee1_3	c71bb23b-7731-4233-8298-76ba6886cee1_Q1	c71bb23b-7731-4233-8298-76ba6886cee1
3	c71bb23b-7731-4233-8298-76ba6886cee1_1	c71bb23b-7731-4233-8298-76ba6886cee1_Q2	c71bb23b-7731-4233-8298-76ba6886cee1
3	c71bb23b-7731-4233-8298-76ba6886cee1_4	c71bb23b-7731-4233-8298-76ba6886cee1_Q3	c71bb23b-7731-4233-8298-76ba6886cee1
2	4d7b022e-25d2-4300-a9b0-24ab35f4045b_0	4d7b022e-25d2-4300-a9b0-24ab35f4045b_Q0	4d7b022e-25d2-4300-a9b0-24ab35f4045b
10	4d7b022e-25d2-4300-a9b0-24ab35f4045b_1	4d7b022e-25d2-4300-a9b0-24ab35f4045b_Q1	4d7b022e-25d2-4300-a9b0-24ab35f4045b
4	4d7b022e-25d2-4300-a9b0-24ab35f4045b_3	4d7b022e-25d2-4300-a9b0-24ab35f4045b_Q2	4d7b022e-25d2-4300-a9b0-24ab35f4045b
3	4d7b022e-25d2-4300-a9b0-24ab35f4045b_0	4d7b022e-25d2-4300-a9b0-24ab35f4045b_Q3	4d7b022e-25d2-4300-a9b0-24ab35f4045b
10	8036c905-f23e-4976-83a1-85d679b5e0c2_0	8036c905-f23e-4976-83a1-85d679b5e0c2_Q0	8036c905-f23e-4976-83a1-85d679b5e0c2
2	8036c905-f23e-4976-83a1-85d679b5e0c2_3	8036c905-f23e-4976-83a1-85d679b5e0c2_Q1	8036c905-f23e-4976-83a1-85d679b5e0c2
8	8036c905-f23e-4976-83a1-85d679b5e0c2_0	8036c905-f23e-4976-83a1-85d679b5e0c2_Q2	8036c905-f23e-4976-83a1-85d679b5e0c2
2	8036c905-f23e-4976-83a1-85d679b5e0c2_4	8036c905-f23e-4976-83a1-85d679b5e0c2_Q3	8036c905-f23e-4976-83a1-85d679b5e0c2
2	77338898-07d4-4143-8451-284540c8b082_0	77338898-07d4-4143-8451-284540c8b082_Q0	77338898-07d4-4143-8451-284540c8b082
8	77338898-07d4-4143-8451-284540c8b082_0	77338898-07d4-4143-8451-284540c8b082_Q1	77338898-07d4-4143-8451-284540c8b082
3	77338898-07d4-4143-8451-284540c8b082_3	77338898-07d4-4143-8451-284540c8b082_Q2	77338898-07d4-4143-8451-284540c8b082
4	77338898-07d4-4143-8451-284540c8b082_4	77338898-07d4-4143-8451-284540c8b082_Q3	77338898-07d4-4143-8451-284540c8b082
2	110fafd1-2bb7-4ffe-aac7-475706165d41_1	110fafd1-2bb7-4ffe-aac7-475706165d41_Q0	110fafd1-2bb7-4ffe-aac7-475706165d41
1	110fafd1-2bb7-4ffe-aac7-475706165d41_0	110fafd1-2bb7-4ffe-aac7-475706165d41_Q1	110fafd1-2bb7-4ffe-aac7-475706165d41
2	110fafd1-2bb7-4ffe-aac7-475706165d41_1	110fafd1-2bb7-4ffe-aac7-475706165d41_Q2	110fafd1-2bb7-4ffe-aac7-475706165d41
11	110fafd1-2bb7-4ffe-aac7-475706165d41_4	110fafd1-2bb7-4ffe-aac7-475706165d41_Q3	110fafd1-2bb7-4ffe-aac7-475706165d41
5	13573c2e-5eed-40eb-bbe5-ed259b5c76a6_1	13573c2e-5eed-40eb-bbe5-ed259b5c76a6_Q0	13573c2e-5eed-40eb-bbe5-ed259b5c76a6
5	13573c2e-5eed-40eb-bbe5-ed259b5c76a6_1	13573c2e-5eed-40eb-bbe5-ed259b5c76a6_Q1	13573c2e-5eed-40eb-bbe5-ed259b5c76a6
6	13573c2e-5eed-40eb-bbe5-ed259b5c76a6_3	13573c2e-5eed-40eb-bbe5-ed259b5c76a6_Q2	13573c2e-5eed-40eb-bbe5-ed259b5c76a6
3	13573c2e-5eed-40eb-bbe5-ed259b5c76a6_1	13573c2e-5eed-40eb-bbe5-ed259b5c76a6_Q3	13573c2e-5eed-40eb-bbe5-ed259b5c76a6
6	c400d38a-54fc-45da-99ed-558fcfc81016_2	c400d38a-54fc-45da-99ed-558fcfc81016_Q0	c400d38a-54fc-45da-99ed-558fcfc81016
5	c400d38a-54fc-45da-99ed-558fcfc81016_4	c400d38a-54fc-45da-99ed-558fcfc81016_Q1	c400d38a-54fc-45da-99ed-558fcfc81016
9	c400d38a-54fc-45da-99ed-558fcfc81016_1	c400d38a-54fc-45da-99ed-558fcfc81016_Q2	c400d38a-54fc-45da-99ed-558fcfc81016
6	c400d38a-54fc-45da-99ed-558fcfc81016_4	c400d38a-54fc-45da-99ed-558fcfc81016_Q3	c400d38a-54fc-45da-99ed-558fcfc81016
2	8fbef343-8806-4bcf-9326-08ca6ebf6cb9_0	8fbef343-8806-4bcf-9326-08ca6ebf6cb9_Q0	8fbef343-8806-4bcf-9326-08ca6ebf6cb9
4	8fbef343-8806-4bcf-9326-08ca6ebf6cb9_2	8fbef343-8806-4bcf-9326-08ca6ebf6cb9_Q1	8fbef343-8806-4bcf-9326-08ca6ebf6cb9
4	8fbef343-8806-4bcf-9326-08ca6ebf6cb9_3	8fbef343-8806-4bcf-9326-08ca6ebf6cb9_Q2	8fbef343-8806-4bcf-9326-08ca6ebf6cb9
3	8fbef343-8806-4bcf-9326-08ca6ebf6cb9_2	8fbef343-8806-4bcf-9326-08ca6ebf6cb9_Q3	8fbef343-8806-4bcf-9326-08ca6ebf6cb9
2	3be3719a-ae77-4106-88ea-988afb19db99_1	3be3719a-ae77-4106-88ea-988afb19db99_Q0	3be3719a-ae77-4106-88ea-988afb19db99
2	3be3719a-ae77-4106-88ea-988afb19db99_3	3be3719a-ae77-4106-88ea-988afb19db99_Q1	3be3719a-ae77-4106-88ea-988afb19db99
3	3be3719a-ae77-4106-88ea-988afb19db99_4	3be3719a-ae77-4106-88ea-988afb19db99_Q2	3be3719a-ae77-4106-88ea-988afb19db99
1	3be3719a-ae77-4106-88ea-988afb19db99_4	3be3719a-ae77-4106-88ea-988afb19db99_Q3	3be3719a-ae77-4106-88ea-988afb19db99
1	a8d6e66b-da81-4dc7-a470-67f2ab32b9e6_0	a8d6e66b-da81-4dc7-a470-67f2ab32b9e6_Q0	a8d6e66b-da81-4dc7-a470-67f2ab32b9e6
5	a8d6e66b-da81-4dc7-a470-67f2ab32b9e6_0	a8d6e66b-da81-4dc7-a470-67f2ab32b9e6_Q1	a8d6e66b-da81-4dc7-a470-67f2ab32b9e6
7	a8d6e66b-da81-4dc7-a470-67f2ab32b9e6_4	a8d6e66b-da81-4dc7-a470-67f2ab32b9e6_Q2	a8d6e66b-da81-4dc7-a470-67f2ab32b9e6
0	a8d6e66b-da81-4dc7-a470-67f2ab32b9e6_0	a8d6e66b-da81-4dc7-a470-67f2ab32b9e6_Q3	a8d6e66b-da81-4dc7-a470-67f2ab32b9e6
4	8fba56f8-e9f8-45a9-a5b9-8adf1744e1ba_0	8fba56f8-e9f8-45a9-a5b9-8adf1744e1ba_Q0	8fba56f8-e9f8-45a9-a5b9-8adf1744e1ba
3	8fba56f8-e9f8-45a9-a5b9-8adf1744e1ba_1	8fba56f8-e9f8-45a9-a5b9-8adf1744e1ba_Q1	8fba56f8-e9f8-45a9-a5b9-8adf1744e1ba
10	8fba56f8-e9f8-45a9-a5b9-8adf1744e1ba_2	8fba56f8-e9f8-45a9-a5b9-8adf1744e1ba_Q2	8fba56f8-e9f8-45a9-a5b9-8adf1744e1ba
2	8fba56f8-e9f8-45a9-a5b9-8adf1744e1ba_3	8fba56f8-e9f8-45a9-a5b9-8adf1744e1ba_Q3	8fba56f8-e9f8-45a9-a5b9-8adf1744e1ba
2	b94e1810-9869-4af6-bb74-b4a51c46f3d2_0	b94e1810-9869-4af6-bb74-b4a51c46f3d2_Q0	b94e1810-9869-4af6-bb74-b4a51c46f3d2
1	b94e1810-9869-4af6-bb74-b4a51c46f3d2_1	b94e1810-9869-4af6-bb74-b4a51c46f3d2_Q1	b94e1810-9869-4af6-bb74-b4a51c46f3d2
10	b94e1810-9869-4af6-bb74-b4a51c46f3d2_2	b94e1810-9869-4af6-bb74-b4a51c46f3d2_Q2	b94e1810-9869-4af6-bb74-b4a51c46f3d2
11	b94e1810-9869-4af6-bb74-b4a51c46f3d2_0	b94e1810-9869-4af6-bb74-b4a51c46f3d2_Q3	b94e1810-9869-4af6-bb74-b4a51c46f3d2
6	ae7e744e-fd27-46c2-befb-7e8427cb679c_0	ae7e744e-fd27-46c2-befb-7e8427cb679c_Q0	ae7e744e-fd27-46c2-befb-7e8427cb679c
3	ae7e744e-fd27-46c2-befb-7e8427cb679c_0	ae7e744e-fd27-46c2-befb-7e8427cb679c_Q1	ae7e744e-fd27-46c2-befb-7e8427cb679c
2	f3643541-c339-4377-851d-144ea400d551_1	f3643541-c339-4377-851d-144ea400d551_Q0	f3643541-c339-4377-851d-144ea400d551
1	f3643541-c339-4377-851d-144ea400d551_1	f3643541-c339-4377-851d-144ea400d551_Q1	f3643541-c339-4377-851d-144ea400d551
27	f3643541-c339-4377-851d-144ea400d551_3	f3643541-c339-4377-851d-144ea400d551_Q2	f3643541-c339-4377-851d-144ea400d551
1	f3643541-c339-4377-851d-144ea400d551_2	f3643541-c339-4377-851d-144ea400d551_Q3	f3643541-c339-4377-851d-144ea400d551
4	2ef3788f-6b2b-45c8-b6ba-71450d565e6a_0	2ef3788f-6b2b-45c8-b6ba-71450d565e6a_Q0	2ef3788f-6b2b-45c8-b6ba-71450d565e6a
4	2ef3788f-6b2b-45c8-b6ba-71450d565e6a_2	2ef3788f-6b2b-45c8-b6ba-71450d565e6a_Q1	2ef3788f-6b2b-45c8-b6ba-71450d565e6a
0	2ef3788f-6b2b-45c8-b6ba-71450d565e6a_0	2ef3788f-6b2b-45c8-b6ba-71450d565e6a_Q2	2ef3788f-6b2b-45c8-b6ba-71450d565e6a
5	2ef3788f-6b2b-45c8-b6ba-71450d565e6a_3	2ef3788f-6b2b-45c8-b6ba-71450d565e6a_Q3	2ef3788f-6b2b-45c8-b6ba-71450d565e6a
8	9a66b66d-034d-495e-a60e-e22c25e0e0fa_0	9a66b66d-034d-495e-a60e-e22c25e0e0fa_Q0	9a66b66d-034d-495e-a60e-e22c25e0e0fa
9	9a66b66d-034d-495e-a60e-e22c25e0e0fa_3	9a66b66d-034d-495e-a60e-e22c25e0e0fa_Q1	9a66b66d-034d-495e-a60e-e22c25e0e0fa
3	aab4ee80-fc00-4d9c-a127-a63b54dfd193_2	aab4ee80-fc00-4d9c-a127-a63b54dfd193_Q0	aab4ee80-fc00-4d9c-a127-a63b54dfd193
16	a107d361-e8a4-4cb6-8ffb-623a4c49ee1e_0	a107d361-e8a4-4cb6-8ffb-623a4c49ee1e_Q0	a107d361-e8a4-4cb6-8ffb-623a4c49ee1e
12	a107d361-e8a4-4cb6-8ffb-623a4c49ee1e_0	a107d361-e8a4-4cb6-8ffb-623a4c49ee1e_Q1	a107d361-e8a4-4cb6-8ffb-623a4c49ee1e
5	a107d361-e8a4-4cb6-8ffb-623a4c49ee1e_3	a107d361-e8a4-4cb6-8ffb-623a4c49ee1e_Q2	a107d361-e8a4-4cb6-8ffb-623a4c49ee1e
27	a107d361-e8a4-4cb6-8ffb-623a4c49ee1e_0	a107d361-e8a4-4cb6-8ffb-623a4c49ee1e_Q3	a107d361-e8a4-4cb6-8ffb-623a4c49ee1e
1	04c164f6-da41-48a3-8aa3-eb7b650bb5f0_0	04c164f6-da41-48a3-8aa3-eb7b650bb5f0_Q0	04c164f6-da41-48a3-8aa3-eb7b650bb5f0
5	04c164f6-da41-48a3-8aa3-eb7b650bb5f0_1	04c164f6-da41-48a3-8aa3-eb7b650bb5f0_Q1	04c164f6-da41-48a3-8aa3-eb7b650bb5f0
0	04c164f6-da41-48a3-8aa3-eb7b650bb5f0_0	04c164f6-da41-48a3-8aa3-eb7b650bb5f0_Q2	04c164f6-da41-48a3-8aa3-eb7b650bb5f0
2	04c164f6-da41-48a3-8aa3-eb7b650bb5f0_3	04c164f6-da41-48a3-8aa3-eb7b650bb5f0_Q3	04c164f6-da41-48a3-8aa3-eb7b650bb5f0
2	8ca3cedb-510e-4454-ba08-93eaa605563b_0	8ca3cedb-510e-4454-ba08-93eaa605563b_Q0	8ca3cedb-510e-4454-ba08-93eaa605563b
4	8ca3cedb-510e-4454-ba08-93eaa605563b_3	8ca3cedb-510e-4454-ba08-93eaa605563b_Q1	8ca3cedb-510e-4454-ba08-93eaa605563b
1	8ca3cedb-510e-4454-ba08-93eaa605563b_0	8ca3cedb-510e-4454-ba08-93eaa605563b_Q2	8ca3cedb-510e-4454-ba08-93eaa605563b
10	8ca3cedb-510e-4454-ba08-93eaa605563b_2	8ca3cedb-510e-4454-ba08-93eaa605563b_Q3	8ca3cedb-510e-4454-ba08-93eaa605563b
6	271616db-90c2-4303-9c2b-64f4061ceb56_1	271616db-90c2-4303-9c2b-64f4061ceb56_Q0	271616db-90c2-4303-9c2b-64f4061ceb56
4	271616db-90c2-4303-9c2b-64f4061ceb56_1	271616db-90c2-4303-9c2b-64f4061ceb56_Q1	271616db-90c2-4303-9c2b-64f4061ceb56
4	271616db-90c2-4303-9c2b-64f4061ceb56_3	271616db-90c2-4303-9c2b-64f4061ceb56_Q2	271616db-90c2-4303-9c2b-64f4061ceb56
2	271616db-90c2-4303-9c2b-64f4061ceb56_4	271616db-90c2-4303-9c2b-64f4061ceb56_Q3	271616db-90c2-4303-9c2b-64f4061ceb56
5	b93f956f-2256-4c6d-91d2-7675dff455f0_0	b93f956f-2256-4c6d-91d2-7675dff455f0_Q0	b93f956f-2256-4c6d-91d2-7675dff455f0
3	b93f956f-2256-4c6d-91d2-7675dff455f0_2	b93f956f-2256-4c6d-91d2-7675dff455f0_Q1	b93f956f-2256-4c6d-91d2-7675dff455f0
7	b93f956f-2256-4c6d-91d2-7675dff455f0_3	b93f956f-2256-4c6d-91d2-7675dff455f0_Q2	b93f956f-2256-4c6d-91d2-7675dff455f0
1	b93f956f-2256-4c6d-91d2-7675dff455f0_4	b93f956f-2256-4c6d-91d2-7675dff455f0_Q3	b93f956f-2256-4c6d-91d2-7675dff455f0
5	d869c6d9-4a06-4d94-bf97-dc37167a5520_0	d869c6d9-4a06-4d94-bf97-dc37167a5520_Q0	d869c6d9-4a06-4d94-bf97-dc37167a5520
3	d869c6d9-4a06-4d94-bf97-dc37167a5520_1	d869c6d9-4a06-4d94-bf97-dc37167a5520_Q1	d869c6d9-4a06-4d94-bf97-dc37167a5520
0	d869c6d9-4a06-4d94-bf97-dc37167a5520_0	d869c6d9-4a06-4d94-bf97-dc37167a5520_Q2	d869c6d9-4a06-4d94-bf97-dc37167a5520
8	d869c6d9-4a06-4d94-bf97-dc37167a5520_3	d869c6d9-4a06-4d94-bf97-dc37167a5520_Q3	d869c6d9-4a06-4d94-bf97-dc37167a5520
7	f7559f25-0358-4f57-b079-dec2199b4ec3_0	f7559f25-0358-4f57-b079-dec2199b4ec3_Q0	f7559f25-0358-4f57-b079-dec2199b4ec3
7	f7559f25-0358-4f57-b079-dec2199b4ec3_1	f7559f25-0358-4f57-b079-dec2199b4ec3_Q1	f7559f25-0358-4f57-b079-dec2199b4ec3
7	f7559f25-0358-4f57-b079-dec2199b4ec3_3	f7559f25-0358-4f57-b079-dec2199b4ec3_Q2	f7559f25-0358-4f57-b079-dec2199b4ec3
4	f7559f25-0358-4f57-b079-dec2199b4ec3_3	f7559f25-0358-4f57-b079-dec2199b4ec3_Q3	f7559f25-0358-4f57-b079-dec2199b4ec3
2	1e379d2b-69e8-485e-92ac-4c3daa41e364_0	1e379d2b-69e8-485e-92ac-4c3daa41e364_Q0	1e379d2b-69e8-485e-92ac-4c3daa41e364
4	1e379d2b-69e8-485e-92ac-4c3daa41e364_0	1e379d2b-69e8-485e-92ac-4c3daa41e364_Q1	1e379d2b-69e8-485e-92ac-4c3daa41e364
4	1e379d2b-69e8-485e-92ac-4c3daa41e364_1	1e379d2b-69e8-485e-92ac-4c3daa41e364_Q2	1e379d2b-69e8-485e-92ac-4c3daa41e364
2	1e379d2b-69e8-485e-92ac-4c3daa41e364_0	1e379d2b-69e8-485e-92ac-4c3daa41e364_Q3	1e379d2b-69e8-485e-92ac-4c3daa41e364
2	0dd3e2c3-3ea4-450a-97c4-42a54c426018_0	0dd3e2c3-3ea4-450a-97c4-42a54c426018_Q0	0dd3e2c3-3ea4-450a-97c4-42a54c426018
1	0dd3e2c3-3ea4-450a-97c4-42a54c426018_1	0dd3e2c3-3ea4-450a-97c4-42a54c426018_Q1	0dd3e2c3-3ea4-450a-97c4-42a54c426018
4	0dd3e2c3-3ea4-450a-97c4-42a54c426018_3	0dd3e2c3-3ea4-450a-97c4-42a54c426018_Q2	0dd3e2c3-3ea4-450a-97c4-42a54c426018
8	0dd3e2c3-3ea4-450a-97c4-42a54c426018_1	0dd3e2c3-3ea4-450a-97c4-42a54c426018_Q3	0dd3e2c3-3ea4-450a-97c4-42a54c426018
4	865db3c4-a253-4d35-8766-25fc7e0a8cfb_0	865db3c4-a253-4d35-8766-25fc7e0a8cfb_Q0	865db3c4-a253-4d35-8766-25fc7e0a8cfb
2	865db3c4-a253-4d35-8766-25fc7e0a8cfb_2	865db3c4-a253-4d35-8766-25fc7e0a8cfb_Q1	865db3c4-a253-4d35-8766-25fc7e0a8cfb
1	865db3c4-a253-4d35-8766-25fc7e0a8cfb_1	865db3c4-a253-4d35-8766-25fc7e0a8cfb_Q2	865db3c4-a253-4d35-8766-25fc7e0a8cfb
1	865db3c4-a253-4d35-8766-25fc7e0a8cfb_0	865db3c4-a253-4d35-8766-25fc7e0a8cfb_Q3	865db3c4-a253-4d35-8766-25fc7e0a8cfb
0	88fba119-ccac-4b82-881f-e609e188bebc_0	88fba119-ccac-4b82-881f-e609e188bebc_Q0	88fba119-ccac-4b82-881f-e609e188bebc
2	88fba119-ccac-4b82-881f-e609e188bebc_2	88fba119-ccac-4b82-881f-e609e188bebc_Q1	88fba119-ccac-4b82-881f-e609e188bebc
4	88fba119-ccac-4b82-881f-e609e188bebc_4	88fba119-ccac-4b82-881f-e609e188bebc_Q2	88fba119-ccac-4b82-881f-e609e188bebc
1	88fba119-ccac-4b82-881f-e609e188bebc_1	88fba119-ccac-4b82-881f-e609e188bebc_Q3	88fba119-ccac-4b82-881f-e609e188bebc
1	1cc75245-93bd-44cc-b076-8d1b249e1ee5_1	1cc75245-93bd-44cc-b076-8d1b249e1ee5_Q0	1cc75245-93bd-44cc-b076-8d1b249e1ee5
3	1cc75245-93bd-44cc-b076-8d1b249e1ee5_2	1cc75245-93bd-44cc-b076-8d1b249e1ee5_Q1	1cc75245-93bd-44cc-b076-8d1b249e1ee5
1	1cc75245-93bd-44cc-b076-8d1b249e1ee5_3	1cc75245-93bd-44cc-b076-8d1b249e1ee5_Q2	1cc75245-93bd-44cc-b076-8d1b249e1ee5
2	1cc75245-93bd-44cc-b076-8d1b249e1ee5_3	1cc75245-93bd-44cc-b076-8d1b249e1ee5_Q3	1cc75245-93bd-44cc-b076-8d1b249e1ee5
3	bfa4ef8c-715d-4287-88a5-035611e34e40_0	bfa4ef8c-715d-4287-88a5-035611e34e40_Q0	bfa4ef8c-715d-4287-88a5-035611e34e40
3	bfa4ef8c-715d-4287-88a5-035611e34e40_0	bfa4ef8c-715d-4287-88a5-035611e34e40_Q1	bfa4ef8c-715d-4287-88a5-035611e34e40
4	bfa4ef8c-715d-4287-88a5-035611e34e40_2	bfa4ef8c-715d-4287-88a5-035611e34e40_Q2	bfa4ef8c-715d-4287-88a5-035611e34e40
4	bfa4ef8c-715d-4287-88a5-035611e34e40_2	bfa4ef8c-715d-4287-88a5-035611e34e40_Q3	bfa4ef8c-715d-4287-88a5-035611e34e40
1	210d56ce-a940-4766-9b7b-d086b2c5682d_2	210d56ce-a940-4766-9b7b-d086b2c5682d_Q0	210d56ce-a940-4766-9b7b-d086b2c5682d
0	210d56ce-a940-4766-9b7b-d086b2c5682d_0	210d56ce-a940-4766-9b7b-d086b2c5682d_Q1	210d56ce-a940-4766-9b7b-d086b2c5682d
1	210d56ce-a940-4766-9b7b-d086b2c5682d_1	210d56ce-a940-4766-9b7b-d086b2c5682d_Q2	210d56ce-a940-4766-9b7b-d086b2c5682d
2	210d56ce-a940-4766-9b7b-d086b2c5682d_3	210d56ce-a940-4766-9b7b-d086b2c5682d_Q3	210d56ce-a940-4766-9b7b-d086b2c5682d
1	50357157-3765-40b5-8e32-f86961c98be0_0	50357157-3765-40b5-8e32-f86961c98be0_Q0	50357157-3765-40b5-8e32-f86961c98be0
2	50357157-3765-40b5-8e32-f86961c98be0_2	50357157-3765-40b5-8e32-f86961c98be0_Q1	50357157-3765-40b5-8e32-f86961c98be0
5	50357157-3765-40b5-8e32-f86961c98be0_3	50357157-3765-40b5-8e32-f86961c98be0_Q2	50357157-3765-40b5-8e32-f86961c98be0
0	50357157-3765-40b5-8e32-f86961c98be0_0	50357157-3765-40b5-8e32-f86961c98be0_Q3	50357157-3765-40b5-8e32-f86961c98be0
1	006536d7-2be3-49a4-a750-769684e952ed_0	006536d7-2be3-49a4-a750-769684e952ed_Q0	006536d7-2be3-49a4-a750-769684e952ed
1	006536d7-2be3-49a4-a750-769684e952ed_1	006536d7-2be3-49a4-a750-769684e952ed_Q1	006536d7-2be3-49a4-a750-769684e952ed
3	006536d7-2be3-49a4-a750-769684e952ed_1	006536d7-2be3-49a4-a750-769684e952ed_Q2	006536d7-2be3-49a4-a750-769684e952ed
2	006536d7-2be3-49a4-a750-769684e952ed_1	006536d7-2be3-49a4-a750-769684e952ed_Q3	006536d7-2be3-49a4-a750-769684e952ed
10	a111d580-1fb2-4ab1-848a-0856982dfcd5_0	a111d580-1fb2-4ab1-848a-0856982dfcd5_Q0	a111d580-1fb2-4ab1-848a-0856982dfcd5
1	a111d580-1fb2-4ab1-848a-0856982dfcd5_1	a111d580-1fb2-4ab1-848a-0856982dfcd5_Q1	a111d580-1fb2-4ab1-848a-0856982dfcd5
1	a111d580-1fb2-4ab1-848a-0856982dfcd5_0	a111d580-1fb2-4ab1-848a-0856982dfcd5_Q2	a111d580-1fb2-4ab1-848a-0856982dfcd5
2	a111d580-1fb2-4ab1-848a-0856982dfcd5_4	a111d580-1fb2-4ab1-848a-0856982dfcd5_Q3	a111d580-1fb2-4ab1-848a-0856982dfcd5
5	790d9cb4-4832-49e8-8137-331e79a4b9e6_0	790d9cb4-4832-49e8-8137-331e79a4b9e6_Q0	790d9cb4-4832-49e8-8137-331e79a4b9e6
1	790d9cb4-4832-49e8-8137-331e79a4b9e6_2	790d9cb4-4832-49e8-8137-331e79a4b9e6_Q1	790d9cb4-4832-49e8-8137-331e79a4b9e6
4	790d9cb4-4832-49e8-8137-331e79a4b9e6_1	790d9cb4-4832-49e8-8137-331e79a4b9e6_Q2	790d9cb4-4832-49e8-8137-331e79a4b9e6
5	790d9cb4-4832-49e8-8137-331e79a4b9e6_2	790d9cb4-4832-49e8-8137-331e79a4b9e6_Q3	790d9cb4-4832-49e8-8137-331e79a4b9e6
1	e663b977-2af7-4b1d-bd33-352d932f851b_0	e663b977-2af7-4b1d-bd33-352d932f851b_Q0	e663b977-2af7-4b1d-bd33-352d932f851b
0	e663b977-2af7-4b1d-bd33-352d932f851b_0	e663b977-2af7-4b1d-bd33-352d932f851b_Q1	e663b977-2af7-4b1d-bd33-352d932f851b
13	e663b977-2af7-4b1d-bd33-352d932f851b_2	e663b977-2af7-4b1d-bd33-352d932f851b_Q2	e663b977-2af7-4b1d-bd33-352d932f851b
2	e663b977-2af7-4b1d-bd33-352d932f851b_4	e663b977-2af7-4b1d-bd33-352d932f851b_Q3	e663b977-2af7-4b1d-bd33-352d932f851b
0	375c34c9-3d98-4b2f-9076-404f34ad4e66_0	375c34c9-3d98-4b2f-9076-404f34ad4e66_Q0	375c34c9-3d98-4b2f-9076-404f34ad4e66
2	375c34c9-3d98-4b2f-9076-404f34ad4e66_2	375c34c9-3d98-4b2f-9076-404f34ad4e66_Q1	375c34c9-3d98-4b2f-9076-404f34ad4e66
5	375c34c9-3d98-4b2f-9076-404f34ad4e66_3	375c34c9-3d98-4b2f-9076-404f34ad4e66_Q2	375c34c9-3d98-4b2f-9076-404f34ad4e66
0	375c34c9-3d98-4b2f-9076-404f34ad4e66_0	375c34c9-3d98-4b2f-9076-404f34ad4e66_Q3	375c34c9-3d98-4b2f-9076-404f34ad4e66
9	6ebc8d48-029b-4f00-89b3-773ce802825e_0	6ebc8d48-029b-4f00-89b3-773ce802825e_Q0	6ebc8d48-029b-4f00-89b3-773ce802825e
3	6ebc8d48-029b-4f00-89b3-773ce802825e_1	6ebc8d48-029b-4f00-89b3-773ce802825e_Q1	6ebc8d48-029b-4f00-89b3-773ce802825e
0	6ebc8d48-029b-4f00-89b3-773ce802825e_0	6ebc8d48-029b-4f00-89b3-773ce802825e_Q2	6ebc8d48-029b-4f00-89b3-773ce802825e
2	6ebc8d48-029b-4f00-89b3-773ce802825e_4	6ebc8d48-029b-4f00-89b3-773ce802825e_Q3	6ebc8d48-029b-4f00-89b3-773ce802825e
5	5e76713f-92b2-4a5d-8f8d-510fde45705c_0	5e76713f-92b2-4a5d-8f8d-510fde45705c_Q0	5e76713f-92b2-4a5d-8f8d-510fde45705c
0	5e76713f-92b2-4a5d-8f8d-510fde45705c_0	5e76713f-92b2-4a5d-8f8d-510fde45705c_Q1	5e76713f-92b2-4a5d-8f8d-510fde45705c
1	5e76713f-92b2-4a5d-8f8d-510fde45705c_2	5e76713f-92b2-4a5d-8f8d-510fde45705c_Q2	5e76713f-92b2-4a5d-8f8d-510fde45705c
0	5e76713f-92b2-4a5d-8f8d-510fde45705c_0	5e76713f-92b2-4a5d-8f8d-510fde45705c_Q3	5e76713f-92b2-4a5d-8f8d-510fde45705c
4	712702cc-f042-4ca5-84dc-ada756cc8959_0	712702cc-f042-4ca5-84dc-ada756cc8959_Q0	712702cc-f042-4ca5-84dc-ada756cc8959
4	712702cc-f042-4ca5-84dc-ada756cc8959_1	712702cc-f042-4ca5-84dc-ada756cc8959_Q1	712702cc-f042-4ca5-84dc-ada756cc8959
9	712702cc-f042-4ca5-84dc-ada756cc8959_2	712702cc-f042-4ca5-84dc-ada756cc8959_Q2	712702cc-f042-4ca5-84dc-ada756cc8959
4	712702cc-f042-4ca5-84dc-ada756cc8959_2	712702cc-f042-4ca5-84dc-ada756cc8959_Q3	712702cc-f042-4ca5-84dc-ada756cc8959
10	61550fe1-c17d-4b94-b225-941026bdb68e_0	61550fe1-c17d-4b94-b225-941026bdb68e_Q0	61550fe1-c17d-4b94-b225-941026bdb68e
4	61550fe1-c17d-4b94-b225-941026bdb68e_1	61550fe1-c17d-4b94-b225-941026bdb68e_Q1	61550fe1-c17d-4b94-b225-941026bdb68e
2	61550fe1-c17d-4b94-b225-941026bdb68e_2	61550fe1-c17d-4b94-b225-941026bdb68e_Q2	61550fe1-c17d-4b94-b225-941026bdb68e
0	61550fe1-c17d-4b94-b225-941026bdb68e_0	61550fe1-c17d-4b94-b225-941026bdb68e_Q3	61550fe1-c17d-4b94-b225-941026bdb68e
4	mc500.train.0_2	mc500.train.0_Q0	mc500.train.0
1	mc500.train.0_14	mc500.train.0_Q1	mc500.train.0
1	mc500.train.0_15	mc500.train.0_Q2	mc500.train.0
4	mc500.train.0_2	mc500.train.0_Q3	mc500.train.0
1	mc500.train.0_10	mc500.train.0_Q4	mc500.train.0
6	mc500.train.0_19	mc500.train.0_Q5	mc500.train.0
6	mc500.train.0_9	mc500.train.0_Q6	mc500.train.0
5	mc500.train.0_5	mc500.train.0_Q7	mc500.train.0
6	mc500.train.0_13	mc500.train.0_Q8	mc500.train.0
1	mc500.train.0_17	mc500.train.0_Q9	mc500.train.0
11	mc500.train.0_11	mc500.train.0_Q10	mc500.train.0
7	mc500.train.0_8	mc500.train.0_Q11	mc500.train.0
2	mc500.train.0_7	mc500.train.0_Q12	mc500.train.0
1	mc500.train.0_11	mc500.train.0_Q13	mc500.train.0
30	mc500.train.0_18	mc500.train.0_Q14	mc500.train.0
6	mc500.train.0_6	mc500.train.0_Q15	mc500.train.0
1	mc500.train.0_0	mc500.train.0_Q16	mc500.train.0
2	mc500.train.0_0	mc500.train.0_Q17	mc500.train.0
0	mc500.train.0_0	mc500.train.0_Q18	mc500.train.0
4	mc500.train.0_11	mc500.train.0_Q19	mc500.train.0
2	mc500.train.0_8	mc500.train.0_Q20	mc500.train.0
8	mc500.train.0_17	mc500.train.0_Q21	mc500.train.0
9	mc500.train.0_5	mc500.train.0_Q22	mc500.train.0
5	mc500.train.0_5	mc500.train.0_Q23	mc500.train.0
1	mc500.train.18_0	mc500.train.18_Q0	mc500.train.18
1	mc500.train.18_0	mc500.train.18_Q1	mc500.train.18
3	mc500.train.18_2	mc500.train.18_Q2	mc500.train.18
1	mc500.train.18_4	mc500.train.18_Q3	mc500.train.18
9	mc500.train.18_1	mc500.train.18_Q4	mc500.train.18
2	mc500.train.18_3	mc500.train.18_Q5	mc500.train.18
3	mc500.train.18_7	mc500.train.18_Q6	mc500.train.18
2	mc500.train.18_1	mc500.train.18_Q7	mc500.train.18
3	mc500.train.18_10	mc500.train.18_Q8	mc500.train.18
6	mc500.train.18_0	mc500.train.18_Q9	mc500.train.18
2	mc500.train.18_7	mc500.train.18_Q10	mc500.train.18
5	mc500.train.18_12	mc500.train.18_Q11	mc500.train.18
3	mc500.train.18_10	mc500.train.18_Q12	mc500.train.18
4	mc500.train.18_6	mc500.train.18_Q13	mc500.train.18
12	mc500.train.18_1	mc500.train.18_Q14	mc500.train.18
5	mc500.train.18_8	mc500.train.18_Q15	mc500.train.18
3	mc500.train.18_7	mc500.train.18_Q16	mc500.train.18
5	mc500.train.18_6	mc500.train.18_Q17	mc500.train.18
1	mc500.train.18_1	mc500.train.18_Q18	mc500.train.18
3	mc500.train.18_2	mc500.train.18_Q19	mc500.train.18
5	mc500.train.18_0	mc500.train.18_Q20	mc500.train.18
8	mc500.train.18_1	mc500.train.18_Q21	mc500.train.18
0	mc500.train.23_0	mc500.train.23_Q0	mc500.train.23
6	mc500.train.23_1	mc500.train.23_Q1	mc500.train.23
1	mc500.train.23_5	mc500.train.23_Q2	mc500.train.23
2	mc500.train.23_5	mc500.train.23_Q3	mc500.train.23
5	mc500.train.23_6	mc500.train.23_Q4	mc500.train.23
5	mc500.train.23_1	mc500.train.23_Q5	mc500.train.23
8	mc500.train.23_8	mc500.train.23_Q6	mc500.train.23
1	mc500.train.23_9	mc500.train.23_Q7	mc500.train.23
1	mc500.train.23_9	mc500.train.23_Q8	mc500.train.23
3	mc500.train.23_12	mc500.train.23_Q9	mc500.train.23
29	mc500.train.23_16	mc500.train.23_Q10	mc500.train.23
8	mc500.train.23_18	mc500.train.23_Q11	mc500.train.23
10	mc500.train.23_20	mc500.train.23_Q12	mc500.train.23
11	mc500.train.23_11	mc500.train.23_Q13	mc500.train.23
2	mc500.train.23_3	mc500.train.23_Q14	mc500.train.23
6	mc500.train.23_17	mc500.train.23_Q15	mc500.train.23
7	mc500.train.23_16	mc500.train.23_Q16	mc500.train.23
10	mc500.train.23_7	mc500.train.23_Q17	mc500.train.23
9	mc500.train.23_12	mc500.train.23_Q18	mc500.train.23
2	mc500.train.23_18	mc500.train.23_Q19	mc500.train.23
2	mc500.train.23_3	mc500.train.23_Q20	mc500.train.23
3	mc500.train.25_0	mc500.train.25_Q0	mc500.train.25
4	mc500.train.25_0	mc500.train.25_Q1	mc500.train.25
1	mc500.train.25_7	mc500.train.25_Q2	mc500.train.25
6	mc500.train.25_3	mc500.train.25_Q3	mc500.train.25
2	mc500.train.25_1	mc500.train.25_Q4	mc500.train.25
1	mc500.train.25_1	mc500.train.25_Q5	mc500.train.25
1	mc500.train.25_1	mc500.train.25_Q6	mc500.train.25
1	mc500.train.25_0	mc500.train.25_Q7	mc500.train.25
3	mc500.train.25_7	mc500.train.25_Q8	mc500.train.25
3	mc500.train.25_7	mc500.train.25_Q9	mc500.train.25
9	mc500.train.25_8	mc500.train.25_Q10	mc500.train.25
3	mc500.train.25_8	mc500.train.25_Q11	mc500.train.25
9	mc500.train.25_9	mc500.train.25_Q12	mc500.train.25
3	mc500.train.25_6	mc500.train.25_Q13	mc500.train.25
3	mc500.train.25_6	mc500.train.25_Q14	mc500.train.25
5	mc500.train.25_2	mc500.train.25_Q15	mc500.train.25
1	mc500.train.25_1	mc500.train.25_Q16	mc500.train.25
8	mc500.train.25_8	mc500.train.25_Q17	mc500.train.25
3	mc500.train.25_3	mc500.train.25_Q18	mc500.train.25
6	mc500.train.25_3	mc500.train.25_Q19	mc500.train.25
1	mc500.train.25_0	mc500.train.25_Q20	mc500.train.25
1	mc500.train.111_12	mc500.train.111_Q0	mc500.train.111
1	mc500.train.111_13	mc500.train.111_Q1	mc500.train.111
2	mc500.train.111_11	mc500.train.111_Q2	mc500.train.111
1	mc500.train.111_8	mc500.train.111_Q3	mc500.train.111
1	mc500.train.111_7	mc500.train.111_Q4	mc500.train.111
6	mc500.train.111_9	mc500.train.111_Q5	mc500.train.111
9	mc500.train.111_9	mc500.train.111_Q6	mc500.train.111
2	mc500.train.111_0	mc500.train.111_Q7	mc500.train.111
1	mc500.train.111_0	mc500.train.111_Q8	mc500.train.111
1	mc500.train.111_3	mc500.train.111_Q9	mc500.train.111
3	mc500.train.111_4	mc500.train.111_Q10	mc500.train.111
1	mc500.train.111_4	mc500.train.111_Q11	mc500.train.111
3	mc500.train.111_6	mc500.train.111_Q12	mc500.train.111
1	mc500.train.111_15	mc500.train.111_Q13	mc500.train.111
3	mc500.train.111_8	mc500.train.111_Q14	mc500.train.111
2	fables-01_0	fables-01_Q1	fables-01
12	fables-01_0	fables-01_Q10	fables-01
7	fables-01_0	fables-01_Q11	fables-01
3	fables-01_1	fables-01_Q12	fables-01
1	fables-01_4	fables-01_Q13	fables-01
5	fables-01_0	fables-01_Q14	fables-01
5	fables-01_0	fables-01_Q15	fables-01
0	fables-01_0	fables-01_Q16	fables-01
3	fables-01_0	fables-01_Q17	fables-01
0	fables-01_0	fables-01_Q18	fables-01
1	fables-01_0	fables-01_Q2	fables-01
0	fables-01_0	fables-01_Q3	fables-01
1	fables-01_0	fables-01_Q4	fables-01
2	fables-01_1	fables-01_Q5	fables-01
0	fables-01_0	fables-01_Q6	fables-01
2	fables-01_4	fables-01_Q7	fables-01
0	fables-01_0	fables-01_Q8	fables-01
1	fables-01_0	fables-01_Q9	fables-01
2	fables-02_0	fables-02_Q1	fables-02
3	fables-02_0	fables-02_Q10	fables-02
0	fables-02_0	fables-02_Q11	fables-02
1	fables-02_5	fables-02_Q12	fables-02
0	fables-02_0	fables-02_Q13	fables-02
0	fables-02_0	fables-02_Q14	fables-02
1	fables-02_0	fables-02_Q15	fables-02
2	fables-02_0	fables-02_Q16	fables-02
1	fables-02_1	fables-02_Q17	fables-02
1	fables-02_0	fables-02_Q18	fables-02
0	fables-02_0	fables-02_Q19	fables-02
4	fables-02_8	fables-02_Q2	fables-02
1	fables-02_0	fables-02_Q20	fables-02
0	fables-02_0	fables-02_Q21	fables-02
0	fables-02_0	fables-02_Q22	fables-02
1	fables-02_0	fables-02_Q23	fables-02
1	fables-02_0	fables-02_Q3	fables-02
0	fables-02_0	fables-02_Q4	fables-02
2	fables-02_0	fables-02_Q5	fables-02
0	fables-02_0	fables-02_Q6	fables-02
0	fables-02_0	fables-02_Q7	fables-02
1	fables-02_8	fables-02_Q8	fables-02
0	fables-02_0	fables-02_Q9	fables-02
0	fables-03_0	fables-03_Q1	fables-03
5	fables-03_4	fables-03_Q10	fables-03
2	fables-03_4	fables-03_Q11	fables-03
2	fables-03_3	fables-03_Q12	fables-03
3	fables-03_0	fables-03_Q13	fables-03
5	fables-03_1	fables-03_Q14	fables-03
7	fables-03_2	fables-03_Q15	fables-03
6	fables-03_2	fables-03_Q16	fables-03
1	fables-03_2	fables-03_Q17	fables-03
11	fables-03_2	fables-03_Q18	fables-03
7	fables-03_2	fables-03_Q19	fables-03
3	fables-03_0	fables-03_Q2	fables-03
8	fables-03_3	fables-03_Q20	fables-03
4	fables-03_4	fables-03_Q21	fables-03
2	fables-03_0	fables-03_Q22	fables-03
2	fables-03_1	fables-03_Q23	fables-03
0	fables-03_0	fables-03_Q24	fables-03
1	fables-03_2	fables-03_Q25	fables-03
0	fables-03_0	fables-03_Q26	fables-03
8	fables-03_3	fables-03_Q27	fables-03
3	fables-03_0	fables-03_Q3	fables-03
6	fables-03_2	fables-03_Q4	fables-03
1	fables-03_3	fables-03_Q5	fables-03
3	fables-03_3	fables-03_Q6	fables-03
1	fables-03_2	fables-03_Q7	fables-03
3	fables-03_3	fables-03_Q8	fables-03
1	fables-03_4	fables-03_Q9	fables-03
3	fables-04_0	fables-04_Q1	fables-04
2	fables-04_1	fables-04_Q10	fables-04
5	fables-04_3	fables-04_Q11	fables-04
0	fables-04_0	fables-04_Q12	fables-04
1	fables-04_0	fables-04_Q13	fables-04
9	fables-04_1	fables-04_Q14	fables-04
8	fables-04_1	fables-04_Q15	fables-04
0	fables-04_0	fables-04_Q16	fables-04
7	fables-04_1	fables-04_Q17	fables-04
6	fables-04_0	fables-04_Q2	fables-04
1	fables-04_0	fables-04_Q3	fables-04
0	fables-04_0	fables-04_Q4	fables-04
1	fables-04_0	fables-04_Q5	fables-04
3	fables-04_4	fables-04_Q6	fables-04
3	fables-04_1	fables-04_Q7	fables-04
5	fables-04_4	fables-04_Q8	fables-04
2	fables-04_1	fables-04_Q9	fables-04
14	fables-05_0	fables-05_Q1	fables-05
1	fables-05_1	fables-05_Q10	fables-05
0	fables-05_0	fables-05_Q11	fables-05
0	fables-05_0	fables-05_Q12	fables-05
3	fables-05_3	fables-05_Q13	fables-05
0	fables-05_0	fables-05_Q14	fables-05
0	fables-05_0	fables-05_Q15	fables-05
0	fables-05_0	fables-05_Q16	fables-05
4	fables-05_2	fables-05_Q2	fables-05
3	fables-05_3	fables-05_Q3	fables-05
7	fables-05_1	fables-05_Q4	fables-05
2	fables-05_1	fables-05_Q5	fables-05
0	fables-05_0	fables-05_Q6	fables-05
3	fables-05_3	fables-05_Q7	fables-05
3	fables-05_3	fables-05_Q8	fables-05
1	fables-05_3	fables-05_Q9	fables-05
0	fables-06_0	fables-06_Q1	fables-06
1	fables-06_0	fables-06_Q10	fables-06
5	fables-06_6	fables-06_Q11	fables-06
6	fables-06_2	fables-06_Q12	fables-06
1	fables-06_0	fables-06_Q13	fables-06
1	fables-06_6	fables-06_Q14	fables-06
1	fables-06_7	fables-06_Q15	fables-06
0	fables-06_0	fables-06_Q16	fables-06
0	fables-06_0	fables-06_Q17	fables-06
3	fables-06_2	fables-06_Q18	fables-06
2	fables-06_6	fables-06_Q19	fables-06
0	fables-06_0	fables-06_Q2	fables-06
4	fables-06_6	fables-06_Q20	fables-06
3	fables-06_1	fables-06_Q21	fables-06
3	fables-06_1	fables-06_Q22	fables-06
7	fables-06_7	fables-06_Q23	fables-06
1	fables-06_7	fables-06_Q24	fables-06
1	fables-06_3	fables-06_Q25	fables-06
0	fables-06_0	fables-06_Q26	fables-06
1	fables-06_1	fables-06_Q27	fables-06
1	fables-06_0	fables-06_Q28	fables-06
4	fables-06_4	fables-06_Q3	fables-06
15	fables-06_6	fables-06_Q4	fables-06
14	fables-06_6	fables-06_Q5	fables-06
1	fables-06_0	fables-06_Q6	fables-06
6	fables-06_6	fables-06_Q7	fables-06
5	fables-06_6	fables-06_Q8	fables-06
1	fables-06_6	fables-06_Q9	fables-06
